{
  "LogisticRegression": {
    "accuracy": 0.746196950611784,
    "precision": 0.3790712841799042,
    "recall": 0.6974967852159846,
    "f1": 0.4909714524639833,
    "roc_auc": 0.8015592077445236,
    "pr_auc": 0.4419053795341645
  },
  "kNN": {
    "accuracy": 0.7093337517161665,
    "precision": 0.34411878047641437,
    "recall": 0.7256786618259141,
    "f1": 0.46671565010921323,
    "roc_auc": 0.7678026106302911,
    "pr_auc": 0.3600956213026486
  },
  "DecisionTree": {
    "accuracy": 0.7168780740461964,
    "precision": 0.35104200810560016,
    "recall": 0.7235334499819587,
    "f1": 0.47264924373646017,
    "roc_auc": 0.7672218751050904,
    "pr_auc": 0.3826986895007252
  },
  "RandomForest": {
    "accuracy": 0.7704917538005128,
    "precision": 0.3604844881976363,
    "recall": 0.399993448569194,
    "f1": 0.37913834918023215,
    "roc_auc": 0.7441463712294302,
    "pr_auc": 0.34206579308065643
  },
  "AdaBoost": {
    "accuracy": 0.7230408904201588,
    "precision": 0.3648067098057516,
    "recall": 0.7799084542627439,
    "f1": 0.4969126855609149,
    "roc_auc": 0.8013875901211351,
    "pr_auc": 0.42918575996667513
  }
}