{
  "cv_results": {
    "LogisticRegression": {
      "accuracy": 0.7699204895618292,
      "precision": 0.40894961291322607,
      "recall": 0.6996146256353732,
      "f1": 0.5160259580976143,
      "roc_auc": 0.8232491308742474,
      "pr_auc": 0.4773551219561164,
      "accuracy_std": 0.007146628146193649,
      "precision_std": 0.010171486478067466,
      "recall_std": 0.02054146769673279,
      "f1_std": 0.010522395257938225,
      "roc_auc_std": 0.008509873448753986,
      "pr_auc_std": 0.011541937200073913,
      "eb_accuracy": 0.7597953726310894,
      "eb_precision": 0.3884,
      "eb_recall": 0.6438992042440318,
      "eb_f1": 0.4845309381237525,
      "eb_roc_auc": 0.8228982061366588,
      "eb_pr_auc": 0.47261598582109976
    },
    "kNN": {
      "accuracy": 0.7247761563097409,
      "precision": 0.3629310374543703,
      "recall": 0.7515497109545187,
      "f1": 0.48918794742965205,
      "roc_auc": 0.7896209220374864,
      "pr_auc": 0.3966695597681042,
      "accuracy_std": 0.010638790501471875,
      "precision_std": 0.008734174687401066,
      "recall_std": 0.025442297321414363,
      "f1_std": 0.005850042219309476,
      "roc_auc_std": 0.011383642159918498,
      "pr_auc_std": 0.014765384765407143,
      "eb_accuracy": 0.7421230089524474,
      "eb_precision": 0.358,
      "eb_recall": 0.593501326259947,
      "eb_f1": 0.4466067864271457,
      "eb_roc_auc": 0.7894072442625655,
      "eb_pr_auc": 0.39558838360272797
    },
    "DecisionTree": {
      "accuracy": 0.746037965969798,
      "precision": 0.3852343819798193,
      "recall": 0.7395223472910243,
      "f1": 0.5049660948256645,
      "roc_auc": 0.8064278253004208,
      "pr_auc": 0.4633761154257193,
      "accuracy_std": 0.01753989208350102,
      "precision_std": 0.017179138184847894,
      "recall_std": 0.05865850228086733,
      "f1_std": 0.011856498594491753,
      "roc_auc_std": 0.012812059698267876,
      "pr_auc_std": 0.022781109411134405,
      "eb_accuracy": 0.7530519707010813,
      "eb_precision": 0.3768,
      "eb_recall": 0.6246684350132626,
      "eb_f1": 0.47005988023952094,
      "eb_roc_auc": 0.8064952987235521,
      "eb_pr_auc": 0.47202270471885255
    },
    "RandomForest": {
      "accuracy": 0.8001414171737518,
      "precision": 0.4389107940597238,
      "recall": 0.5028106412797733,
      "f1": 0.46827736592657104,
      "roc_auc": 0.8088524272395967,
      "pr_auc": 0.46615480816412624,
      "accuracy_std": 0.003671741426387223,
      "precision_std": 0.005439750283112123,
      "recall_std": 0.031499310654065533,
      "f1_std": 0.014780998279033345,
      "roc_auc_std": 0.00846077823807611,
      "pr_auc_std": 0.008478265214101355,
      "eb_accuracy": 0.7470061620741775,
      "eb_precision": 0.3664,
      "eb_recall": 0.6074270557029178,
      "eb_f1": 0.45708582834331335,
      "eb_roc_auc": 0.8086037958745144,
      "eb_pr_auc": 0.4636401469910427
    },
    "AdaBoost": {
      "accuracy": 0.7234925521656576,
      "precision": 0.3726605105467942,
      "recall": 0.8416475882377543,
      "f1": 0.5163871553152904,
      "roc_auc": 0.8353568055070847,
      "pr_auc": 0.5471636689555199,
      "accuracy_std": 0.010638116798140154,
      "precision_std": 0.01056456079837766,
      "recall_std": 0.019406192053781378,
      "f1_std": 0.009281578206987525,
      "roc_auc_std": 0.009401413909433684,
      "pr_auc_std": 0.022216460353168866,
      "eb_accuracy": 0.7607254970352285,
      "eb_precision": 0.39,
      "eb_recall": 0.646551724137931,
      "eb_f1": 0.4865269461077844,
      "eb_roc_auc": 0.8347591453598104,
      "eb_pr_auc": 0.5477552190773689
    },
    "Baseline_TopK_Similarity": {
      "accuracy": 0.69050110452273,
      "precision": 0.2692,
      "recall": 0.4462864721485411,
      "f1": 0.33582834331337325,
      "roc_auc": 0.6337856541043753,
      "pr_auc": 0.37941421961405863
    }
  },
  "pca_explained_variance_ratio": [
    0.3018800769077021,
    0.15303320967757753,
    0.11794762773949138,
    0.10702023918472721,
    0.09541377773940224,
    0.0921830237900364,
    0.08433689694383555,
    0.047114337228866134,
    0.0010708107883614436,
    1.1261654794741839e-17
  ]
}