{
  "cv_results": {
    "LogisticRegression": {
      "accuracy": 0.7503728442400431,
      "precision": 0.46380816041376116,
      "recall": 0.6848698707751889,
      "f1": 0.5528923807121989,
      "roc_auc": 0.8120896802870774,
      "pr_auc": 0.5250672049397569,
      "accuracy_std": 0.013698951977647053,
      "precision_std": 0.0194767929314782,
      "recall_std": 0.016385520936652062,
      "f1_std": 0.01718199314194435,
      "roc_auc_std": 0.013360764133851484,
      "pr_auc_std": 0.027686537514280827
    },
    "kNN": {
      "accuracy": 0.7083165850400627,
      "precision": 0.41901520852728147,
      "recall": 0.761800824499397,
      "f1": 0.5405731137211399,
      "roc_auc": 0.7879633681452894,
      "pr_auc": 0.46276295336048195,
      "accuracy_std": 0.010684297365865996,
      "precision_std": 0.01162200710716555,
      "recall_std": 0.010133267916041517,
      "f1_std": 0.01095596443329691,
      "roc_auc_std": 0.010985672496500093,
      "pr_auc_std": 0.025548605565079607
    },
    "DecisionTree": {
      "accuracy": 0.701414877945384,
      "precision": 0.4133490952566311,
      "recall": 0.7639665874132028,
      "f1": 0.5344982886485807,
      "roc_auc": 0.8068993345726279,
      "pr_auc": 0.5312309800498239,
      "accuracy_std": 0.018744716392131947,
      "precision_std": 0.013547745234202642,
      "recall_std": 0.07489934175209545,
      "f1_std": 0.016039171125005306,
      "roc_auc_std": 0.01088628698152941,
      "pr_auc_std": 0.023062000521974546
    },
    "RandomForest": {
      "accuracy": 0.7662741090828622,
      "precision": 0.48297671547284526,
      "recall": 0.5254679659811247,
      "f1": 0.5032486407872943,
      "roc_auc": 0.8037232056245319,
      "pr_auc": 0.5287286131784141,
      "accuracy_std": 0.009492274047286309,
      "precision_std": 0.01866107302498924,
      "recall_std": 0.007151048775413387,
      "f1_std": 0.01338328666388159,
      "roc_auc_std": 0.007616301215406725,
      "pr_auc_std": 0.012463544440461986
    },
    "AdaBoost": {
      "accuracy": 0.6958066772817999,
      "precision": 0.4145266734160492,
      "recall": 0.8490095872057033,
      "f1": 0.5569082385484376,
      "roc_auc": 0.8269132158846487,
      "pr_auc": 0.5885993389893941,
      "accuracy_std": 0.010401574027443754,
      "precision_std": 0.008495943728768805,
      "recall_std": 0.024161362903478704,
      "f1_std": 0.00914587381345123,
      "roc_auc_std": 0.011448987662048968,
      "pr_auc_std": 0.018783873352855026
    },
    "Baseline_TopK_Similarity": {
      "accuracy": 0.7366446066725797,
      "precision": 0.388,
      "recall": 0.29393939393939394,
      "f1": 0.33448275862068966,
      "roc_auc": 0.6231761081805107,
      "pr_auc": 0.41281752409183897
    }
  },
  "pca_explained_variance_ratio": [
    0.27646518878510123,
    0.14042900910210726,
    0.12917616308854135,
    0.10880947827252058,
    0.0940185670134819,
    0.07769003573841089,
    0.0747301732393406,
    0.05923208959702058,
    0.03852323698572466,
    0.0009260581777509202
  ]
}