,accuracy,precision,recall,f1,roc_auc,pr_auc,accuracy_std,precision_std,recall_std,f1_std,roc_auc_std,pr_auc_std
LogisticRegression,0.7503728442400431,0.46380816041376116,0.6848698707751889,0.5528923807121989,0.8120896802870774,0.5250672049397569,0.013698951977647053,0.0194767929314782,0.016385520936652062,0.01718199314194435,0.013360764133851484,0.027686537514280827
kNN,0.7083165850400627,0.41901520852728147,0.761800824499397,0.5405731137211399,0.7879633681452894,0.46276295336048195,0.010684297365865996,0.01162200710716555,0.010133267916041517,0.01095596443329691,0.010985672496500093,0.025548605565079607
DecisionTree,0.701414877945384,0.4133490952566311,0.7639665874132028,0.5344982886485807,0.8068993345726279,0.5312309800498239,0.018744716392131947,0.013547745234202642,0.07489934175209545,0.016039171125005306,0.01088628698152941,0.023062000521974546
RandomForest,0.7662741090828622,0.48297671547284526,0.5254679659811247,0.5032486407872943,0.8037232056245319,0.5287286131784141,0.009492274047286309,0.01866107302498924,0.007151048775413387,0.01338328666388159,0.007616301215406725,0.012463544440461986
AdaBoost,0.6958066772817999,0.4145266734160492,0.8490095872057033,0.5569082385484376,0.8269132158846487,0.5885993389893941,0.010401574027443754,0.008495943728768805,0.024161362903478704,0.00914587381345123,0.011448987662048968,0.018783873352855026
Baseline_TopK_Similarity,0.7366446066725797,0.388,0.29393939393939394,0.33448275862068966,0.6231761081805107,0.41281752409183897,,,,,,
